1780820486.266	2026-06-07 16:21:26	symexec_init_start	
1780820492.209	2026-06-07 16:21:32	symexec_init_start	
1780820596.382	2026-06-07 16:23:16	symexec_init_start	
1780820596.383	2026-06-07 16:23:16	symexec_previous_generated_snapshot	/home/yangfp/CAV/C/CAV/output/verify_20260607_162040_p042_incr_list/coq/last
1780820619.671	2026-06-07 16:23:39	symexec_init_start	
1780820619.672	2026-06-07 16:23:39	symexec_previous_generated_snapshot	/home/yangfp/CAV/C/CAV/output/verify_20260607_162040_p042_incr_list/coq/last
1780820888.377	2026-06-07 16:28:08	symexec_init_start	
1780820888.379	2026-06-07 16:28:08	symexec_previous_generated_snapshot	/home/yangfp/CAV/C/CAV/output/verify_20260607_162040_p042_incr_list/coq/last
1780821139.689	2026-06-07 16:32:19	symexec_init_start	
1780821139.691	2026-06-07 16:32:19	symexec_previous_generated_snapshot	/home/yangfp/CAV/C/CAV/output/verify_20260607_162040_p042_incr_list/coq/last
