1780752915.069	2026-06-06 21:35:15	symexec_rerun_start	
1780752915.086	2026-06-06 21:35:15	symexec_rerun_done	fail rc=1
1780752979.341	2026-06-06 21:36:19	symexec_rerun_start	
1780752983.269	2026-06-06 21:36:23	symexec_rerun_done	ok preserved=0 admitted=9 changed=0
1780755908.223	2026-06-06 22:25:08	symexec_init_start	
1780755923.668	2026-06-06 22:25:23	symexec_init_start	
1780755927.667	2026-06-06 22:25:27	symexec_init_start	
1780755934.279	2026-06-06 22:25:34	symexec_init_start	
1780757692.687	2026-06-06 22:54:52	symexec_rerun_start	
1780757697.090	2026-06-06 22:54:57	symexec_rerun_done	ok preserved=0 admitted=9 changed=0
